{
  "categories": [
    {
      "id": "food",
      "title": "Кафе, рестораны",
      "tags": [],
      "subCategories": [
        {
          "id": "food-3",
          "title": "Донерные",
          "tags": [],
          "items": [
            {"id": "food-4", "object": "3", "element": "2", "background": "4", "tags": [], "JSON": "{\"version\":\"5.2.1\",\"objects\":[{\"type\":\"i-text\",\"version\":\"5.2.1\",\"originX\":\"left\",\"originY\":\"top\",\"left\":152.62,\"top\":86.82,\"width\":513.67,\"height\":56.5,\"fill\":\"#e82424\",\"stroke\":null,\"strokeWidth\":1,\"strokeDashArray\":null,\"strokeLineCap\":\"butt\",\"strokeDashOffset\":0,\"strokeLineJoin\":\"miter\",\"strokeUniform\":false,\"strokeMiterLimit\":4,\"scaleX\":0.38,\"scaleY\":0.65,\"angle\":0,\"flipX\":false,\"flipY\":false,\"opacity\":1,\"shadow\":null,\"visible\":true,\"backgroundColor\":\"\",\"fillRule\":\"nonzero\",\"paintFirst\":\"fill\",\"globalCompositeOperation\":\"source-over\",\"skewX\":0,\"skewY\":0,\"fontFamily\":\"helvetica\",\"fontWeight\":\"bold\",\"fontSize\":50,\"text\":\"ЛУЧШИЙ В ГОРОДЕ!\",\"underline\":false,\"overline\":false,\"linethrough\":false,\"textAlign\":\"left\",\"fontStyle\":\"normal\",\"lineHeight\":1,\"textBackgroundColor\":\"\",\"charSpacing\":1,\"styles\":{},\"direction\":\"ltr\",\"path\":null,\"pathStartOffset\":0,\"pathSide\":\"left\",\"pathAlign\":\"baseline\",\"id\":414524},{\"type\":\"image\",\"version\":\"5.2.1\",\"originX\":\"left\",\"originY\":\"top\",\"left\":145.13,\"top\":14.47,\"width\":744,\"height\":207,\"fill\":\"rgb(0,0,0)\",\"stroke\":null,\"strokeWidth\":0,\"strokeDashArray\":null,\"strokeLineCap\":\"butt\",\"strokeDashOffset\":0,\"strokeLineJoin\":\"miter\",\"strokeUniform\":false,\"strokeMiterLimit\":4,\"scaleX\":0.29,\"scaleY\":0.34,\"angle\":0,\"flipX\":false,\"flipY\":false,\"opacity\":1,\"shadow\":null,\"visible\":true,\"backgroundColor\":\"\",\"fillRule\":\"nonzero\",\"paintFirst\":\"fill\",\"globalCompositeOperation\":\"source-over\",\"skewX\":0,\"skewY\":0,\"cropX\":0,\"cropY\":0,\"src\":\"https://smm.whynet.agency/assets/catalog/elements/3.png\",\"crossOrigin\":null,\"filters\":[]},{\"type\":\"image\",\"version\":\"5.2.1\",\"originX\":\"left\",\"originY\":\"top\",\"left\":-11.55,\"top\":166.14,\"width\":750,\"height\":863,\"fill\":\"rgb(0,0,0)\",\"stroke\":null,\"strokeWidth\":0,\"strokeDashArray\":null,\"strokeLineCap\":\"butt\",\"strokeDashOffset\":0,\"strokeLineJoin\":\"miter\",\"strokeUniform\":false,\"strokeMiterLimit\":4,\"scaleX\":0.37,\"scaleY\":0.37,\"angle\":0,\"flipX\":false,\"flipY\":false,\"opacity\":1,\"shadow\":null,\"visible\":true,\"backgroundColor\":\"\",\"fillRule\":\"nonzero\",\"paintFirst\":\"fill\",\"globalCompositeOperation\":\"source-over\",\"skewX\":0,\"skewY\":0,\"cropX\":0,\"cropY\":0,\"src\":\"https://smm.whynet.agency/assets/catalog/objects/3.png\",\"crossOrigin\":null,\"filters\":[]},{\"type\":\"i-text\",\"version\":\"5.2.1\",\"originX\":\"left\",\"originY\":\"top\",\"left\":179.71,\"top\":26.95,\"width\":300.94,\"height\":56.5,\"fill\":\"#ffffff\",\"stroke\":null,\"strokeWidth\":1,\"strokeDashArray\":null,\"strokeLineCap\":\"butt\",\"strokeDashOffset\":0,\"strokeLineJoin\":\"miter\",\"strokeUniform\":false,\"strokeMiterLimit\":4,\"scaleX\":0.47,\"scaleY\":0.78,\"angle\":0,\"flipX\":false,\"flipY\":false,\"opacity\":1,\"shadow\":null,\"visible\":true,\"backgroundColor\":\"\",\"fillRule\":\"nonzero\",\"paintFirst\":\"fill\",\"globalCompositeOperation\":\"source-over\",\"skewX\":0,\"skewY\":0,\"fontFamily\":\"helvetica\",\"fontWeight\":\"bold\",\"fontSize\":50,\"text\":\"БРО ДОНЕР\",\"underline\":false,\"overline\":false,\"linethrough\":false,\"textAlign\":\"left\",\"fontStyle\":\"normal\",\"lineHeight\":1,\"textBackgroundColor\":\"\",\"charSpacing\":1,\"styles\":{},\"direction\":\"ltr\",\"path\":null,\"pathStartOffset\":0,\"pathSide\":\"left\",\"pathAlign\":\"baseline\",\"id\":410520}],\"backgroundImage\":{\"type\":\"image\",\"version\":\"5.2.1\",\"originX\":\"left\",\"originY\":\"top\",\"left\":0,\"top\":0,\"width\":1080,\"height\":1350,\"fill\":\"rgb(0,0,0)\",\"stroke\":null,\"strokeWidth\":0,\"strokeDashArray\":null,\"strokeLineCap\":\"butt\",\"strokeDashOffset\":0,\"strokeLineJoin\":\"miter\",\"strokeUniform\":false,\"strokeMiterLimit\":4,\"scaleX\":0.35,\"scaleY\":0.33,\"angle\":0,\"flipX\":false,\"flipY\":false,\"opacity\":1,\"shadow\":null,\"visible\":true,\"backgroundColor\":\"\",\"fillRule\":\"nonzero\",\"paintFirst\":\"fill\",\"globalCompositeOperation\":\"source-over\",\"skewX\":0,\"skewY\":0,\"cropX\":0,\"cropY\":0,\"src\":\"https://smm.whynet.agency/assets/catalog/backgrounds/4.png\",\"crossOrigin\":null,\"filters\":[]}}"},
            {"id": "food-2", "object": "1", "element": "2", "background": "3", "tags": [], "JSON": ""},
            {"id": "food-3", "object": "4", "element": "2", "background": "1", "tags": [], "JSON": ""},
            {"id": "food-6", "object": "6", "element": "5", "background": "2", "tags": [], "JSON": ""},
            {"id": "food-7", "object": "2", "element": "5", "background": "2", "tags": [], "JSON": ""},
            {"id": "food-9", "object": "5", "element": "5", "background": "2", "tags": [], "JSON": ""},
            {"id": "food-4", "object": "3", "element": "2", "background": "4", "tags": [], "JSON": "{\"version\":\"5.2.1\",\"objects\":[{\"type\":\"i-text\",\"version\":\"5.2.1\",\"originX\":\"left\",\"originY\":\"top\",\"left\":152.62,\"top\":86.82,\"width\":513.67,\"height\":56.5,\"fill\":\"#e82424\",\"stroke\":null,\"strokeWidth\":1,\"strokeDashArray\":null,\"strokeLineCap\":\"butt\",\"strokeDashOffset\":0,\"strokeLineJoin\":\"miter\",\"strokeUniform\":false,\"strokeMiterLimit\":4,\"scaleX\":0.38,\"scaleY\":0.65,\"angle\":0,\"flipX\":false,\"flipY\":false,\"opacity\":1,\"shadow\":null,\"visible\":true,\"backgroundColor\":\"\",\"fillRule\":\"nonzero\",\"paintFirst\":\"fill\",\"globalCompositeOperation\":\"source-over\",\"skewX\":0,\"skewY\":0,\"fontFamily\":\"helvetica\",\"fontWeight\":\"bold\",\"fontSize\":50,\"text\":\"ЛУЧШИЙ В ГОРОДЕ!\",\"underline\":false,\"overline\":false,\"linethrough\":false,\"textAlign\":\"left\",\"fontStyle\":\"normal\",\"lineHeight\":1,\"textBackgroundColor\":\"\",\"charSpacing\":1,\"styles\":{},\"direction\":\"ltr\",\"path\":null,\"pathStartOffset\":0,\"pathSide\":\"left\",\"pathAlign\":\"baseline\",\"id\":414524},{\"type\":\"image\",\"version\":\"5.2.1\",\"originX\":\"left\",\"originY\":\"top\",\"left\":145.13,\"top\":14.47,\"width\":744,\"height\":207,\"fill\":\"rgb(0,0,0)\",\"stroke\":null,\"strokeWidth\":0,\"strokeDashArray\":null,\"strokeLineCap\":\"butt\",\"strokeDashOffset\":0,\"strokeLineJoin\":\"miter\",\"strokeUniform\":false,\"strokeMiterLimit\":4,\"scaleX\":0.29,\"scaleY\":0.34,\"angle\":0,\"flipX\":false,\"flipY\":false,\"opacity\":1,\"shadow\":null,\"visible\":true,\"backgroundColor\":\"\",\"fillRule\":\"nonzero\",\"paintFirst\":\"fill\",\"globalCompositeOperation\":\"source-over\",\"skewX\":0,\"skewY\":0,\"cropX\":0,\"cropY\":0,\"src\":\"http://localhost:8100/assets/catalog/elements/3.png\",\"crossOrigin\":null,\"filters\":[]},{\"type\":\"image\",\"version\":\"5.2.1\",\"originX\":\"left\",\"originY\":\"top\",\"left\":-11.55,\"top\":166.14,\"width\":750,\"height\":863,\"fill\":\"rgb(0,0,0)\",\"stroke\":null,\"strokeWidth\":0,\"strokeDashArray\":null,\"strokeLineCap\":\"butt\",\"strokeDashOffset\":0,\"strokeLineJoin\":\"miter\",\"strokeUniform\":false,\"strokeMiterLimit\":4,\"scaleX\":0.37,\"scaleY\":0.37,\"angle\":0,\"flipX\":false,\"flipY\":false,\"opacity\":1,\"shadow\":null,\"visible\":true,\"backgroundColor\":\"\",\"fillRule\":\"nonzero\",\"paintFirst\":\"fill\",\"globalCompositeOperation\":\"source-over\",\"skewX\":0,\"skewY\":0,\"cropX\":0,\"cropY\":0,\"src\":\"http://localhost:8100/assets/catalog/objects/3.png\",\"crossOrigin\":null,\"filters\":[]},{\"type\":\"i-text\",\"version\":\"5.2.1\",\"originX\":\"left\",\"originY\":\"top\",\"left\":179.71,\"top\":26.95,\"width\":300.94,\"height\":56.5,\"fill\":\"#ffffff\",\"stroke\":null,\"strokeWidth\":1,\"strokeDashArray\":null,\"strokeLineCap\":\"butt\",\"strokeDashOffset\":0,\"strokeLineJoin\":\"miter\",\"strokeUniform\":false,\"strokeMiterLimit\":4,\"scaleX\":0.47,\"scaleY\":0.78,\"angle\":0,\"flipX\":false,\"flipY\":false,\"opacity\":1,\"shadow\":null,\"visible\":true,\"backgroundColor\":\"\",\"fillRule\":\"nonzero\",\"paintFirst\":\"fill\",\"globalCompositeOperation\":\"source-over\",\"skewX\":0,\"skewY\":0,\"fontFamily\":\"helvetica\",\"fontWeight\":\"bold\",\"fontSize\":50,\"text\":\"БРО ДОНЕР\",\"underline\":false,\"overline\":false,\"linethrough\":false,\"textAlign\":\"left\",\"fontStyle\":\"normal\",\"lineHeight\":1,\"textBackgroundColor\":\"\",\"charSpacing\":1,\"styles\":{},\"direction\":\"ltr\",\"path\":null,\"pathStartOffset\":0,\"pathSide\":\"left\",\"pathAlign\":\"baseline\",\"id\":410520}],\"backgroundImage\":{\"type\":\"image\",\"version\":\"5.2.1\",\"originX\":\"left\",\"originY\":\"top\",\"left\":0,\"top\":0,\"width\":1080,\"height\":1350,\"fill\":\"rgb(0,0,0)\",\"stroke\":null,\"strokeWidth\":0,\"strokeDashArray\":null,\"strokeLineCap\":\"butt\",\"strokeDashOffset\":0,\"strokeLineJoin\":\"miter\",\"strokeUniform\":false,\"strokeMiterLimit\":4,\"scaleX\":0.35,\"scaleY\":0.33,\"angle\":0,\"flipX\":false,\"flipY\":false,\"opacity\":1,\"shadow\":null,\"visible\":true,\"backgroundColor\":\"\",\"fillRule\":\"nonzero\",\"paintFirst\":\"fill\",\"globalCompositeOperation\":\"source-over\",\"skewX\":0,\"skewY\":0,\"cropX\":0,\"cropY\":0,\"src\":\"http://localhost:8100/assets/catalog/backgrounds/4.png\",\"crossOrigin\":null,\"filters\":[]}}"},
            {"id": "food-5", "object": "7", "element": "6", "background": "5", "tags": [], "JSON": ""},
            {"id": "food-8", "object": "2", "element": "2", "background": "6", "tags": [], "JSON": ""}
          ],
          "elements":  ["1", "2", "3", "4", "5", "6"],
          "objects": ["1", "2", "3", "4", "5", "6", "7", "8"],
          "backgrounds": ["1", "2", "3", "4", "5", "6"]
        },
        {
          "id": "food-4",
          "title": "Кофейни",
          "tags": [],
          "items": [
            {"id": "food-10", "object": "12", "element": "7", "background": "7", "tags": []},
            {"id": "food-11", "object": "9", "element": "7", "background": "7", "tags": []},
            {"id": "food-12", "object": "11", "element": "7", "background": "7", "tags": []},
            {"id": "food-13", "object": "10", "element": "7", "background": "7", "tags": []},
            {"id": "food-14", "object": "11", "element": "7", "background": "7", "tags": []},
            {"id": "food-15", "object": "11", "element": "7", "background": "7", "tags": []},
            {"id": "food-16", "object": "11", "element": "7", "background": "7", "tags": []}
          ],
          "elements": ["7"],
          "objects": ["9","10","11","12"],
          "backgrounds": ["7"]
        }
      ]
    }
  ],
  "objects": [
    {"id": "1", "tags": []},
    {"id": "2", "tags": []},
    {"id": "3", "tags": []},
    {"id": "4", "tags": []},
    {"id": "5", "tags": []},
    {"id": "6", "tags": []},
    {"id": "7", "tags": []},
    {"id": "8", "tags": []},
    {"id": "9", "tags": []},
    {"id": "10", "tags": []},
    {"id": "11", "tags": []},
    {"id": "12", "tags": []}
  ],
  "elements": [
    {"id": "1", "tags": []},
    {"id": "1", "tags": []},
    {"id": "3", "tags": []},
    {"id": "4", "tags": []},
    {"id": "5", "tags": []},
    {"id": "6", "tags": []},
    {"id": "7", "tags": []}
  ],
  "backgrounds": [
    {"id": "1", "tags": []},
    {"id": "2", "tags": []},
    {"id": "3", "tags": []},
    {"id": "4", "tags": []},
    {"id": "5", "tags": []},
    {"id": "6", "tags": []},
    {"id": "7", "tags": []}
  ]
}
